-- --------------------------------------------------------
-- Host:                         127.0.0.1
-- Server version:               11.5.2-MariaDB - mariadb.org binary distribution
-- Server OS:                    Win64
-- HeidiSQL Version:             12.6.0.6765
-- --------------------------------------------------------

/*!40101 SET @OLD_CHARACTER_SET_CLIENT=@@CHARACTER_SET_CLIENT */;
/*!40101 SET NAMES utf8 */;
/*!50503 SET NAMES utf8mb4 */;
/*!40103 SET @OLD_TIME_ZONE=@@TIME_ZONE */;
/*!40103 SET TIME_ZONE='+00:00' */;
/*!40014 SET @OLD_FOREIGN_KEY_CHECKS=@@FOREIGN_KEY_CHECKS, FOREIGN_KEY_CHECKS=0 */;
/*!40101 SET @OLD_SQL_MODE=@@SQL_MODE, SQL_MODE='NO_AUTO_VALUE_ON_ZERO' */;
/*!40111 SET @OLD_SQL_NOTES=@@SQL_NOTES, SQL_NOTES=0 */;

-- Dumping data for table project.login_info: ~4 rows (approximately)
DELETE FROM `login_info`;
INSERT INTO `login_info` (`user_id`, `username`, `password`, `role`) VALUES
	(1, 'root', 'root', 0),
	(2, 'tom', 'tom', 1),
	(3, 'Gary', '1234', 1),
	(5, 'staff', 'staff', 0);

-- Dumping data for table project.order_info: ~922 rows (approximately)
DELETE FROM `order_info`;
INSERT INTO `order_info` (`order_id`, `pizza_id`, `quantity`, `status`) VALUES
	(1, 'cali_ckn_s', 1, NULL),
	(2, 'calabrese_m', 1, NULL),
	(3, 'bbq_ckn_m', 1, NULL),
	(4, 'ckn_alfredo_s', 1, NULL),
	(5, 'ckn_pesto_l', 1, NULL),
	(6, 'ckn_pesto_m', 1, NULL),
	(7, 'ckn_pesto_s', 1, NULL),
	(8, 'ckn_alfredo_m', 1, NULL),
	(9, 'ckn_alfredo_l', 2, NULL),
	(10, 'calabrese_s', 1, NULL),
	(11, 'calabrese_l', 1, NULL),
	(12, 'ckn_pesto_l', 1, NULL),
	(13, 'ckn_pesto_l', 2, NULL),
	(14, 'bbq_ckn_l', 2, NULL),
	(15, 'ckn_pesto_l', 1, NULL),
	(16, 'ckn_pesto_m', 2, NULL),
	(17, 'bbq_ckn_m', 3, NULL),
	(18, 'ckn_pesto_m', 3, NULL),
	(20, 'bbq_ckn_m', 4, NULL),
	(22, 'hawaiian_m', 1, 1),
	(23, 'classic_dlx_m', 1, 1),
	(24, 'five_cheese_l', 1, 1),
	(25, 'ital_supr_l', 1, 1),
	(26, 'mexicana_m', 1, 1),
	(27, 'thai_ckn_l', 1, 1),
	(28, 'ital_supr_m', 1, 1),
	(29, 'prsc_argla_l', 1, 1),
	(30, 'ital_supr_m', 1, 1),
	(31, 'ital_supr_m', 1, 1),
	(32, 'bbq_ckn_s', 1, 1),
	(33, 'the_greek_s', 1, 1),
	(34, 'spinach_supr_s', 1, 1),
	(35, 'spinach_supr_s', 1, 1),
	(36, 'classic_dlx_s', 1, 1),
	(37, 'green_garden_s', 1, 1),
	(38, 'ital_cpcllo_l', 1, 1),
	(39, 'ital_supr_l', 1, 1),
	(40, 'ital_supr_s', 1, 1),
	(41, 'mexicana_s', 1, 1),
	(42, 'spicy_ital_l', 1, 1),
	(43, 'spin_pesto_l', 1, 1),
	(44, 'veggie_veg_s', 1, 1),
	(45, 'mexicana_l', 1, 1),
	(46, 'southw_ckn_l', 1, 1),
	(47, 'bbq_ckn_l', 1, 1),
	(48, 'cali_ckn_l', 1, 1),
	(49, 'cali_ckn_m', 1, 1),
	(50, 'pepperoni_l', 1, 1),
	(51, 'cali_ckn_l', 1, 1),
	(52, 'cali_ckn_s', 1, 1),
	(53, 'ckn_pesto_l', 1, 1),
	(54, 'ital_supr_m', 1, 1),
	(55, 'mexicana_l', 1, 1),
	(56, 'the_greek_s', 1, 1),
	(57, 'big_meat_s', 1, 1),
	(58, 'five_cheese_l', 1, 1),
	(59, 'soppressata_l', 1, 1),
	(60, 'the_greek_s', 1, 1),
	(61, 'four_cheese_l', 1, 1),
	(62, 'napolitana_s', 1, 1),
	(63, 'thai_ckn_l', 1, 1),
	(64, 'bbq_ckn_l', 1, 1),
	(65, 'calabrese_m', 1, 1),
	(66, 'five_cheese_l', 1, 1),
	(67, 'four_cheese_m', 1, 1),
	(68, 'ital_supr_m', 1, 1),
	(69, 'ital_veggie_s', 1, 1),
	(70, 'mediterraneo_m', 2, 1),
	(71, 'mexicana_l', 1, 1),
	(72, 'peppr_salami_s', 1, 1),
	(73, 'spinach_fet_l', 1, 1),
	(74, 'napolitana_l', 1, 1),
	(75, 'ital_cpcllo_l', 1, 1),
	(76, 'sicilian_l', 1, 1),
	(77, 'big_meat_s', 1, 1),
	(78, 'five_cheese_l', 1, 1),
	(79, 'ital_cpcllo_l', 1, 1),
	(80, 'five_cheese_l', 1, 1),
	(81, 'ital_cpcllo_m', 1, 1),
	(82, 'southw_ckn_l', 1, 1),
	(83, 'southw_ckn_s', 1, 1),
	(84, 'bbq_ckn_m', 1, 1),
	(85, 'ital_cpcllo_m', 1, 1),
	(86, 'pepperoni_m', 1, 1),
	(87, 'prsc_argla_s', 1, 1),
	(88, 'sicilian_m', 1, 1),
	(89, 'thai_ckn_l', 1, 1),
	(90, 'classic_dlx_s', 1, 1),
	(91, 'veggie_veg_l', 1, 1),
	(92, 'bbq_ckn_l', 1, 1),
	(93, 'classic_dlx_m', 1, 1),
	(94, 'spinach_fet_l', 1, 1),
	(95, 'ckn_alfredo_s', 1, 1),
	(96, 'green_garden_s', 1, 1),
	(97, 'thai_ckn_l', 1, 1),
	(98, 'mexicana_m', 1, 1),
	(99, 'pepperoni_s', 1, 1),
	(100, 'big_meat_s', 1, 1),
	(101, 'green_garden_l', 1, 1),
	(102, 'ital_cpcllo_l', 1, 1),
	(103, 'ital_supr_m', 1, 1),
	(104, 'bbq_ckn_l', 1, 1),
	(105, 'green_garden_s', 1, 1),
	(106, 'the_greek_s', 1, 1),
	(107, 'green_garden_m', 1, 1),
	(108, 'pep_msh_pep_l', 1, 1),
	(109, 'pepperoni_m', 1, 1),
	(110, 'thai_ckn_l', 1, 1),
	(111, 'bbq_ckn_m', 1, 1),
	(112, 'classic_dlx_m', 1, 1),
	(113, 'ital_supr_l', 1, 1),
	(114, 'mexicana_l', 1, 1),
	(115, 'hawaiian_s', 1, 1),
	(116, 'ital_cpcllo_l', 1, 1),
	(117, 'ital_supr_l', 1, 1),
	(118, 'four_cheese_l', 1, 1),
	(119, 'southw_ckn_s', 1, 1),
	(120, 'four_cheese_m', 1, 1),
	(121, 'green_garden_s', 1, 1),
	(122, 'big_meat_s', 1, 1),
	(123, 'five_cheese_l', 1, 1),
	(124, 'mexicana_l', 1, 1),
	(125, 'peppr_salami_m', 1, 1),
	(126, 'ckn_alfredo_m', 1, 1),
	(127, 'ital_supr_m', 1, 1),
	(128, 'peppr_salami_l', 1, 1),
	(129, 'spin_pesto_s', 1, 1),
	(130, 'four_cheese_l', 1, 1),
	(131, 'hawaiian_s', 1, 1),
	(132, 'thai_ckn_m', 1, 1),
	(133, 'ckn_pesto_l', 1, 1),
	(134, 'classic_dlx_l', 1, 1),
	(135, 'thai_ckn_m', 1, 1),
	(136, 'southw_ckn_l', 1, 1),
	(137, 'veggie_veg_s', 1, 1),
	(138, 'ckn_pesto_m', 1, 1),
	(139, 'green_garden_s', 1, 1),
	(140, 'prsc_argla_l', 1, 1),
	(141, 'spicy_ital_l', 1, 1),
	(142, 'sicilian_l', 1, 1),
	(143, 'the_greek_xl', 1, 1),
	(144, 'bbq_ckn_l', 1, 1),
	(145, 'pep_msh_pep_l', 1, 1),
	(146, 'hawaiian_l', 1, 1),
	(147, 'mexicana_l', 1, 1),
	(148, 'spicy_ital_l', 1, 1),
	(149, 'pep_msh_pep_s', 1, 1),
	(150, 'spinach_supr_m', 1, 1),
	(151, 'prsc_argla_m', 1, 1),
	(152, 'thai_ckn_l', 1, 1),
	(153, 'peppr_salami_s', 1, 1),
	(154, 'spicy_ital_l', 1, 1),
	(155, 'classic_dlx_m', 1, 1),
	(156, 'mediterraneo_l', 1, 1),
	(157, 'southw_ckn_m', 1, 1),
	(158, 'classic_dlx_m', 1, 1),
	(159, 'five_cheese_l', 1, 1),
	(160, 'pepperoni_m', 1, 1),
	(161, 'ital_veggie_s', 1, 1),
	(162, 'pep_msh_pep_s', 1, 1),
	(163, 'pepperoni_l', 1, 1),
	(164, 'ckn_pesto_l', 1, 1),
	(165, 'four_cheese_m', 1, 1),
	(166, 'bbq_ckn_m', 1, 1),
	(167, 'ital_supr_l', 1, 1),
	(168, 'bbq_ckn_m', 1, 1),
	(169, 'spinach_supr_m', 1, 1),
	(170, 'pep_msh_pep_m', 1, 1),
	(171, 'big_meat_s', 1, 1),
	(172, 'pep_msh_pep_s', 1, 1),
	(173, 'sicilian_s', 1, 1),
	(174, 'spicy_ital_s', 1, 1),
	(175, 'spinach_supr_m', 1, 1),
	(176, 'classic_dlx_m', 1, 1),
	(177, 'ital_cpcllo_m', 1, 1),
	(178, 'southw_ckn_l', 1, 1),
	(179, 'classic_dlx_m', 1, 1),
	(180, 'ital_supr_l', 1, 1),
	(181, 'ital_supr_m', 1, 1),
	(182, 'bbq_ckn_l', 1, 1),
	(183, 'ital_veggie_s', 1, 1),
	(184, 'soppressata_l', 1, 1),
	(185, 'thai_ckn_l', 1, 1),
	(186, 'spinach_fet_l', 1, 1),
	(187, 'thai_ckn_s', 1, 1),
	(188, 'five_cheese_l', 1, 1),
	(189, 'mexicana_l', 1, 1),
	(190, 'spin_pesto_s', 1, 1),
	(191, 'spinach_supr_l', 1, 1),
	(192, 'ital_supr_s', 1, 1),
	(193, 'mediterraneo_l', 1, 1),
	(194, 'napolitana_l', 1, 1),
	(195, 'big_meat_s', 1, 1),
	(196, 'hawaiian_l', 1, 1),
	(197, 'ital_veggie_l', 1, 1),
	(198, 'spicy_ital_l', 1, 1),
	(199, 'bbq_ckn_m', 1, 1),
	(200, 'hawaiian_m', 1, 1),
	(201, 'big_meat_s', 1, 1),
	(202, 'classic_dlx_s', 1, 1),
	(203, 'four_cheese_l', 1, 1),
	(204, 'ital_cpcllo_m', 1, 1),
	(205, 'spicy_ital_l', 3, 1),
	(206, 'thai_ckn_s', 1, 1),
	(207, 'ital_cpcllo_l', 1, 1),
	(208, 'pep_msh_pep_s', 1, 1),
	(209, 'thai_ckn_l', 1, 1),
	(210, 'pepperoni_s', 1, 1),
	(211, 'thai_ckn_m', 1, 1),
	(212, 'thai_ckn_l', 1, 1),
	(213, 'big_meat_s', 1, 1),
	(214, 'cali_ckn_m', 1, 1),
	(215, 'spicy_ital_l', 1, 1),
	(216, 'veggie_veg_m', 1, 1),
	(217, 'southw_ckn_s', 1, 1),
	(218, 'pepperoni_l', 1, 1),
	(219, 'classic_dlx_m', 1, 1),
	(220, 'classic_dlx_s', 1, 1),
	(221, 'ital_supr_l', 1, 1),
	(222, 'the_greek_m', 1, 1),
	(223, 'hawaiian_l', 1, 1),
	(224, 'ital_cpcllo_m', 1, 1),
	(225, 'mexicana_m', 1, 1),
	(226, 'spinach_supr_l', 1, 1),
	(227, 'spinach_supr_s', 1, 1),
	(228, 'five_cheese_l', 1, 1),
	(229, 'soppressata_l', 1, 1),
	(230, 'thai_ckn_l', 1, 1),
	(231, 'sicilian_l', 1, 1),
	(232, 'thai_ckn_s', 1, 1),
	(233, 'bbq_ckn_l', 2, 1),
	(234, 'ckn_pesto_s', 1, 1),
	(235, 'pepperoni_s', 1, 1),
	(236, 'bbq_ckn_m', 1, 1),
	(237, 'ital_supr_l', 1, 1),
	(238, 'ital_supr_m', 1, 1),
	(239, 'ital_veggie_s', 1, 1),
	(240, 'pepperoni_m', 1, 1),
	(241, 'peppr_salami_m', 1, 1),
	(242, 'spinach_fet_s', 1, 1),
	(243, 'spinach_supr_s', 1, 1),
	(244, 'the_greek_m', 2, 1),
	(245, 'sicilian_m', 1, 1),
	(246, 'ital_cpcllo_m', 1, 1),
	(247, 'southw_ckn_s', 1, 1),
	(248, 'napolitana_s', 1, 1),
	(249, 'peppr_salami_l', 1, 1),
	(250, 'napolitana_s', 1, 1),
	(251, 'big_meat_s', 1, 1),
	(252, 'classic_dlx_l', 1, 1),
	(253, 'napolitana_l', 1, 1),
	(254, 'ital_supr_l', 1, 1),
	(255, 'hawaiian_l', 1, 1),
	(256, 'cali_ckn_l', 1, 1),
	(257, 'pepperoni_l', 1, 1),
	(258, 'soppressata_l', 1, 1),
	(259, 'spicy_ital_m', 1, 1),
	(260, 'bbq_ckn_s', 1, 1),
	(261, 'prsc_argla_s', 1, 1),
	(262, 'spinach_supr_s', 1, 1),
	(263, 'bbq_ckn_m', 1, 1),
	(264, 'ckn_alfredo_m', 1, 1),
	(265, 'ital_veggie_m', 1, 1),
	(266, 'veggie_veg_l', 1, 1),
	(267, 'hawaiian_s', 2, 1),
	(268, 'pepperoni_l', 1, 1),
	(269, 'prsc_argla_m', 1, 1),
	(270, 'mexicana_l', 1, 1),
	(271, 'spicy_ital_l', 1, 1),
	(272, 'cali_ckn_l', 1, 1),
	(273, 'ital_supr_m', 1, 1),
	(274, 'spicy_ital_l', 1, 1),
	(275, 'veggie_veg_l', 1, 1),
	(276, 'classic_dlx_l', 1, 1),
	(277, 'hawaiian_l', 1, 1),
	(278, 'spinach_supr_l', 1, 1),
	(279, 'ital_cpcllo_l', 1, 1),
	(280, 'ital_supr_l', 1, 1),
	(281, 'pepperoni_m', 1, 1),
	(282, 'prsc_argla_l', 1, 1),
	(283, 'big_meat_s', 1, 1),
	(284, 'napolitana_l', 1, 1),
	(285, 'soppressata_l', 1, 1),
	(286, 'spicy_ital_s', 1, 1),
	(287, 'cali_ckn_m', 1, 1),
	(288, 'five_cheese_l', 1, 1),
	(289, 'pepperoni_m', 1, 1),
	(290, 'spin_pesto_l', 1, 1),
	(291, 'pepperoni_s', 1, 1),
	(292, 'cali_ckn_l', 1, 1),
	(293, 'mexicana_l', 1, 1),
	(294, 'southw_ckn_m', 1, 1),
	(295, 'pepperoni_l', 1, 1),
	(296, 'sicilian_s', 1, 1),
	(297, 'big_meat_s', 1, 1),
	(298, 'napolitana_l', 1, 1),
	(299, 'thai_ckn_m', 1, 1),
	(300, 'five_cheese_l', 1, 1),
	(301, 'peppr_salami_m', 1, 1),
	(302, 'sicilian_l', 1, 1),
	(303, 'prsc_argla_l', 1, 1),
	(304, 'spinach_fet_s', 1, 1),
	(305, 'four_cheese_m', 1, 1),
	(306, 'classic_dlx_s', 1, 1),
	(307, 'hawaiian_s', 1, 1),
	(308, 'spinach_fet_l', 1, 1),
	(309, 'bbq_ckn_m', 1, 1),
	(310, 'four_cheese_l', 1, 1),
	(311, 'sicilian_l', 1, 1),
	(312, 'southw_ckn_l', 1, 1),
	(313, 'ital_supr_m', 1, 1),
	(314, 'ital_cpcllo_s', 1, 1),
	(315, 'bbq_ckn_s', 1, 1),
	(316, 'sicilian_l', 1, 1),
	(317, 'spicy_ital_l', 1, 1),
	(318, 'the_greek_s', 1, 1),
	(319, 'the_greek_xl', 1, 1),
	(320, 'veggie_veg_l', 1, 1),
	(321, 'pepperoni_m', 1, 1),
	(322, 'spicy_ital_s', 1, 1),
	(323, 'big_meat_s', 1, 1),
	(324, 'the_greek_m', 1, 1),
	(325, 'hawaiian_s', 1, 1),
	(326, 'ital_cpcllo_l', 1, 1),
	(327, 'mexicana_m', 1, 1),
	(328, 'southw_ckn_s', 1, 1),
	(329, 'ckn_pesto_l', 1, 1),
	(330, 'five_cheese_l', 1, 1),
	(331, 'green_garden_s', 1, 1),
	(332, 'spinach_supr_s', 1, 1),
	(333, 'pepperoni_s', 1, 1),
	(334, 'bbq_ckn_l', 1, 1),
	(335, 'hawaiian_l', 1, 1),
	(336, 'the_greek_s', 1, 1),
	(337, 'big_meat_s', 1, 1),
	(338, 'southw_ckn_l', 1, 1),
	(339, 'spinach_supr_s', 1, 1),
	(340, 'veggie_veg_l', 1, 1),
	(341, 'five_cheese_l', 1, 1),
	(342, 'peppr_salami_s', 1, 1),
	(343, 'mediterraneo_l', 1, 1),
	(344, 'pepperoni_s', 1, 1),
	(345, 'spicy_ital_m', 1, 1),
	(346, 'cali_ckn_m', 1, 1),
	(347, 'four_cheese_l', 1, 1),
	(348, 'ital_veggie_l', 1, 1),
	(349, 'sicilian_m', 1, 1),
	(350, 'five_cheese_l', 1, 1),
	(351, 'prsc_argla_s', 1, 1),
	(352, 'veggie_veg_m', 1, 1),
	(353, 'classic_dlx_m', 1, 1),
	(354, 'green_garden_m', 1, 1),
	(355, 'cali_ckn_s', 1, 1),
	(356, 'classic_dlx_s', 1, 1),
	(357, 'hawaiian_l', 1, 1),
	(358, 'mexicana_m', 1, 1),
	(359, 'pepperoni_l', 1, 1),
	(360, 'prsc_argla_s', 1, 1),
	(361, 'thai_ckn_l', 1, 1),
	(362, 'veggie_veg_m', 1, 1),
	(363, 'bbq_ckn_m', 3, 1),
	(364, 'big_meat_s', 1, 1),
	(365, 'cali_ckn_l', 1, 1),
	(366, 'ckn_pesto_m', 1, 1),
	(367, 'five_cheese_l', 1, 1),
	(368, 'four_cheese_l', 1, 1),
	(369, 'pep_msh_pep_s', 1, 1),
	(370, 'southw_ckn_l', 1, 1),
	(371, 'southw_ckn_s', 1, 1),
	(372, 'spicy_ital_l', 1, 1),
	(373, 'thai_ckn_m', 1, 1),
	(374, 'veggie_veg_l', 1, 1),
	(375, 'the_greek_s', 1, 1),
	(376, 'cali_ckn_l', 1, 1),
	(377, 'four_cheese_m', 1, 1),
	(378, 'hawaiian_m', 1, 1),
	(379, 'the_greek_xl', 1, 1),
	(380, 'mediterraneo_s', 1, 1),
	(381, 'spinach_fet_m', 1, 1),
	(382, 'pepperoni_m', 1, 1),
	(383, 'southw_ckn_l', 1, 1),
	(384, 'spinach_supr_s', 1, 1),
	(385, 'hawaiian_s', 1, 1),
	(386, 'spinach_fet_l', 1, 1),
	(387, 'thai_ckn_s', 1, 1),
	(388, 'the_greek_m', 1, 1),
	(389, 'mexicana_m', 1, 1),
	(390, 'prsc_argla_s', 1, 1),
	(391, 'ckn_pesto_s', 1, 1),
	(392, 'napolitana_l', 1, 1),
	(393, 'pepperoni_l', 1, 1),
	(394, 'peppr_salami_l', 1, 1),
	(395, 'napolitana_m', 1, 1),
	(396, 'thai_ckn_l', 1, 1),
	(397, 'ital_supr_l', 1, 1),
	(398, 'mediterraneo_m', 1, 1),
	(399, 'sicilian_m', 1, 1),
	(400, 'spin_pesto_m', 1, 1),
	(401, 'ital_veggie_m', 1, 1),
	(402, 'thai_ckn_m', 1, 1),
	(403, 'four_cheese_l', 1, 1),
	(404, 'thai_ckn_m', 1, 1),
	(405, 'classic_dlx_m', 1, 1),
	(406, 'hawaiian_s', 1, 1),
	(407, 'spicy_ital_m', 1, 1),
	(408, 'the_greek_xl', 1, 1),
	(409, 'big_meat_s', 1, 1),
	(410, 'hawaiian_m', 1, 1),
	(411, 'pepperoni_l', 1, 1),
	(412, 'the_greek_m', 1, 1),
	(413, 'cali_ckn_l', 1, 1),
	(414, 'pepperoni_m', 1, 1),
	(415, 'prsc_argla_m', 1, 1),
	(416, 'prsc_argla_s', 1, 1),
	(417, 'bbq_ckn_l', 1, 1),
	(418, 'ital_supr_m', 1, 1),
	(419, 'pepperoni_m', 1, 1),
	(420, 'big_meat_s', 1, 1),
	(421, 'veggie_veg_m', 1, 1),
	(422, 'four_cheese_l', 1, 1),
	(423, 'ital_cpcllo_s', 1, 1),
	(424, 'sicilian_m', 1, 1),
	(425, 'hawaiian_l', 1, 1),
	(426, 'napolitana_m', 1, 1),
	(427, 'napolitana_s', 1, 1),
	(428, 'spinach_supr_m', 1, 1),
	(429, 'thai_ckn_l', 1, 1),
	(430, 'cali_ckn_m', 1, 1),
	(431, 'classic_dlx_m', 1, 1),
	(432, 'veggie_veg_l', 1, 1),
	(433, 'big_meat_s', 1, 1),
	(434, 'cali_ckn_l', 1, 1),
	(435, 'cali_ckn_m', 1, 1),
	(436, 'ital_cpcllo_m', 1, 1),
	(437, 'ital_supr_l', 1, 1),
	(438, 'cali_ckn_l', 1, 1),
	(439, 'peppr_salami_m', 1, 1),
	(440, 'napolitana_s', 1, 1),
	(441, 'thai_ckn_l', 1, 1),
	(442, 'peppr_salami_l', 1, 1),
	(443, 'hawaiian_l', 1, 1),
	(444, 'sicilian_m', 1, 1),
	(445, 'veggie_veg_s', 1, 1),
	(446, 'classic_dlx_l', 1, 1),
	(447, 'prsc_argla_l', 1, 1),
	(448, 'mexicana_l', 1, 1),
	(449, 'brie_carre_s', 1, 1),
	(450, 'peppr_salami_l', 1, 1),
	(451, 'napolitana_m', 1, 1),
	(452, 'spin_pesto_l', 1, 1),
	(453, 'spin_pesto_s', 1, 1),
	(454, 'hawaiian_l', 1, 1),
	(455, 'sicilian_m', 1, 1),
	(456, 'spin_pesto_s', 1, 1),
	(457, 'mexicana_l', 1, 1),
	(458, 'southw_ckn_l', 1, 1),
	(459, 'spin_pesto_l', 1, 1),
	(460, 'thai_ckn_l', 1, 1),
	(461, 'five_cheese_l', 1, 1),
	(462, 'spin_pesto_l', 1, 1),
	(463, 'five_cheese_l', 1, 1),
	(464, 'pepperoni_s', 1, 1),
	(465, 'peppr_salami_l', 1, 1),
	(466, 'big_meat_s', 2, 1),
	(467, 'thai_ckn_s', 1, 1),
	(468, 'bbq_ckn_l', 1, 1),
	(469, 'four_cheese_m', 1, 1),
	(470, 'pep_msh_pep_s', 1, 1),
	(471, 'prsc_argla_l', 1, 1),
	(472, 'cali_ckn_l', 1, 1),
	(473, 'ckn_alfredo_m', 1, 1),
	(474, 'sicilian_s', 1, 1),
	(475, 'southw_ckn_l', 1, 1),
	(476, 'big_meat_s', 1, 1),
	(477, 'cali_ckn_m', 1, 1),
	(478, 'ckn_alfredo_l', 2, 1),
	(479, 'bbq_ckn_s', 1, 1),
	(480, 'bbq_ckn_l', 1, 1),
	(481, 'sicilian_s', 1, 1),
	(482, 'spicy_ital_m', 1, 1),
	(483, 'veggie_veg_m', 1, 1),
	(484, 'four_cheese_l', 1, 1),
	(485, 'ital_cpcllo_l', 1, 1),
	(486, 'ital_veggie_l', 1, 1),
	(487, 'soppressata_l', 1, 1),
	(488, 'big_meat_s', 1, 1),
	(489, 'ckn_alfredo_l', 1, 1),
	(490, 'ckn_alfredo_m', 1, 1),
	(491, 'the_greek_xl', 1, 1),
	(492, 'calabrese_m', 1, 1),
	(493, 'ckn_pesto_l', 1, 1),
	(494, 'ital_supr_l', 1, 1),
	(495, 'the_greek_xl', 1, 1),
	(496, 'cali_ckn_s', 1, 1),
	(497, 'cali_ckn_l', 1, 1),
	(498, 'ital_veggie_m', 1, 1),
	(499, 'pep_msh_pep_l', 1, 1),
	(500, 'the_greek_s', 1, 1),
	(501, 'spicy_ital_l', 1, 1),
	(502, 'cali_ckn_s', 1, 1),
	(503, 'ckn_alfredo_m', 1, 1),
	(504, 'prsc_argla_s', 1, 1),
	(505, 'napolitana_m', 1, 1),
	(506, 'pepperoni_s', 1, 1),
	(507, 'spicy_ital_l', 1, 1),
	(508, 'spicy_ital_l', 1, 1),
	(509, 'bbq_ckn_l', 1, 1),
	(510, 'bbq_ckn_s', 1, 1),
	(511, 'ckn_alfredo_m', 1, 1),
	(512, 'pepperoni_m', 1, 1),
	(513, 'the_greek_m', 1, 1),
	(514, 'cali_ckn_l', 1, 1),
	(515, 'spinach_fet_s', 1, 1),
	(516, 'pepperoni_s', 1, 1),
	(517, 'ital_cpcllo_l', 1, 1),
	(518, 'four_cheese_l', 1, 1),
	(519, 'ital_cpcllo_l', 1, 1),
	(520, 'ital_supr_m', 1, 1),
	(521, 'mexicana_s', 1, 1),
	(522, 'spin_pesto_m', 1, 1),
	(523, 'green_garden_s', 1, 1),
	(524, 'bbq_ckn_m', 1, 1),
	(525, 'five_cheese_l', 1, 1),
	(526, 'hawaiian_l', 1, 1),
	(527, 'classic_dlx_m', 1, 1),
	(528, 'spinach_fet_s', 1, 1),
	(529, 'spicy_ital_m', 1, 1),
	(530, 'bbq_ckn_l', 1, 1),
	(531, 'five_cheese_l', 1, 1),
	(532, 'peppr_salami_m', 1, 1),
	(533, 'spinach_fet_m', 1, 1),
	(534, 'hawaiian_s', 1, 1),
	(535, 'ital_cpcllo_s', 1, 1),
	(536, 'napolitana_l', 1, 1),
	(537, 'spicy_ital_l', 1, 1),
	(538, 'five_cheese_l', 1, 1),
	(539, 'prsc_argla_m', 1, 1),
	(540, 'the_greek_s', 1, 1),
	(541, 'four_cheese_l', 1, 1),
	(542, 'sicilian_s', 1, 1),
	(543, 'pep_msh_pep_s', 1, 1),
	(544, 'ckn_alfredo_s', 1, 1),
	(545, 'ital_supr_m', 1, 1),
	(546, 'napolitana_m', 1, 1),
	(547, 'thai_ckn_l', 1, 1),
	(548, 'bbq_ckn_l', 1, 1),
	(549, 'bbq_ckn_m', 1, 1),
	(550, 'southw_ckn_s', 1, 1),
	(551, 'classic_dlx_l', 1, 1),
	(552, 'bbq_ckn_m', 1, 1),
	(553, 'the_greek_m', 1, 1),
	(554, 'ital_veggie_s', 1, 1),
	(555, 'ital_veggie_l', 1, 1),
	(556, 'prsc_argla_l', 1, 1),
	(557, 'spin_pesto_s', 1, 1),
	(558, 'thai_ckn_m', 1, 1),
	(559, 'cali_ckn_l', 1, 1),
	(560, 'napolitana_s', 1, 1),
	(561, 'prsc_argla_s', 1, 1),
	(562, 'bbq_ckn_m', 1, 1),
	(563, 'spinach_supr_l', 1, 1),
	(564, 'spinach_fet_s', 1, 1),
	(565, 'ckn_alfredo_m', 1, 1),
	(566, 'ital_supr_s', 1, 1),
	(567, 'napolitana_m', 1, 1),
	(568, 'cali_ckn_m', 1, 1),
	(569, 'classic_dlx_l', 1, 1),
	(570, 'green_garden_m', 1, 1),
	(571, 'green_garden_s', 1, 1),
	(572, 'spin_pesto_l', 1, 1),
	(573, 'ital_supr_l', 1, 1),
	(574, 'thai_ckn_m', 1, 1),
	(575, 'four_cheese_m', 1, 1),
	(576, 'sicilian_m', 1, 1),
	(577, 'spinach_supr_l', 1, 1),
	(578, 'calabrese_m', 1, 1),
	(579, 'thai_ckn_l', 1, 1),
	(580, 'veggie_veg_m', 1, 1),
	(581, 'classic_dlx_l', 1, 1),
	(582, 'spinach_supr_s', 1, 1),
	(583, 'ital_supr_s', 1, 1),
	(584, 'spicy_ital_l', 1, 1),
	(585, 'bbq_ckn_l', 1, 1),
	(586, 'ckn_pesto_l', 1, 1),
	(587, 'ckn_alfredo_m', 1, 1),
	(588, 'pepperoni_l', 1, 1),
	(589, 'hawaiian_m', 1, 1),
	(590, 'sicilian_m', 1, 1),
	(591, 'spinach_supr_s', 1, 1),
	(592, 'hawaiian_s', 1, 1),
	(593, 'thai_ckn_l', 1, 1),
	(594, 'bbq_ckn_l', 1, 1),
	(595, 'calabrese_s', 1, 1),
	(596, 'four_cheese_m', 1, 1),
	(597, 'mexicana_m', 1, 1),
	(598, 'prsc_argla_m', 1, 1),
	(599, 'brie_carre_s', 1, 1),
	(600, 'bbq_ckn_l', 1, 1),
	(601, 'brie_carre_s', 1, 1),
	(602, 'five_cheese_l', 1, 1),
	(603, 'five_cheese_l', 1, 1),
	(604, 'green_garden_m', 1, 1),
	(605, 'hawaiian_l', 1, 1),
	(606, 'spinach_fet_m', 1, 1),
	(607, 'pep_msh_pep_l', 1, 1),
	(608, 'cali_ckn_l', 1, 1),
	(609, 'ckn_alfredo_l', 1, 1),
	(610, 'classic_dlx_m', 1, 1),
	(611, 'pepperoni_l', 1, 1),
	(612, 'five_cheese_l', 1, 1),
	(613, 'the_greek_l', 1, 1),
	(614, 'brie_carre_s', 1, 1),
	(615, 'cali_ckn_m', 1, 1),
	(616, 'spin_pesto_l', 1, 1),
	(617, 'mexicana_m', 1, 1),
	(618, 'ckn_alfredo_m', 1, 1),
	(619, 'mexicana_l', 1, 1),
	(620, 'sicilian_m', 1, 1),
	(621, 'spicy_ital_l', 1, 1),
	(622, 'peppr_salami_m', 1, 1),
	(623, 'four_cheese_l', 1, 1),
	(624, 'mediterraneo_l', 1, 1),
	(625, 'napolitana_s', 1, 1),
	(626, 'ital_supr_l', 1, 1),
	(627, 'pepperoni_s', 1, 1),
	(628, 'ckn_alfredo_m', 1, 1),
	(629, 'southw_ckn_l', 1, 1),
	(630, 'spin_pesto_l', 1, 1),
	(631, 'thai_ckn_l', 1, 1),
	(632, 'big_meat_s', 1, 1),
	(633, 'cali_ckn_m', 2, 1),
	(634, 'ckn_alfredo_m', 2, 1),
	(635, 'ckn_pesto_l', 2, 1),
	(636, 'classic_dlx_m', 1, 1),
	(637, 'ital_supr_m', 1, 1),
	(638, 'sicilian_s', 1, 1),
	(639, 'soppressata_m', 1, 1),
	(640, 'southw_ckn_m', 1, 1),
	(641, 'the_greek_s', 1, 1),
	(642, 'ital_supr_m', 1, 1),
	(643, 'soppressata_s', 1, 1),
	(644, 'four_cheese_l', 1, 1),
	(645, 'thai_ckn_l', 1, 1),
	(646, 'classic_dlx_l', 1, 1),
	(647, 'five_cheese_l', 1, 1),
	(648, 'pepperoni_s', 1, 1),
	(649, 'sicilian_m', 1, 1),
	(650, 'five_cheese_l', 1, 1),
	(651, 'spicy_ital_l', 1, 1),
	(652, 'four_cheese_m', 1, 1),
	(653, 'ital_veggie_m', 1, 1),
	(654, 'southw_ckn_l', 1, 1),
	(655, 'cali_ckn_m', 1, 1),
	(656, 'ckn_alfredo_m', 1, 1),
	(657, 'prsc_argla_m', 1, 1),
	(658, 'veggie_veg_m', 1, 1),
	(659, 'sicilian_s', 1, 1),
	(660, 'classic_dlx_s', 1, 1),
	(661, 'five_cheese_l', 1, 1),
	(662, 'peppr_salami_l', 1, 1),
	(663, 'spin_pesto_l', 1, 1),
	(664, 'napolitana_m', 1, 1),
	(665, 'four_cheese_m', 1, 1),
	(666, 'hawaiian_s', 1, 1),
	(667, 'napolitana_m', 1, 1),
	(668, 'prsc_argla_l', 1, 1),
	(669, 'ital_supr_m', 1, 1),
	(670, 'peppr_salami_l', 1, 1),
	(671, 'ital_supr_m', 1, 1),
	(672, 'pep_msh_pep_m', 1, 1),
	(673, 'pepperoni_m', 1, 1),
	(674, 'sicilian_s', 1, 1),
	(675, 'brie_carre_s', 1, 1),
	(676, 'prsc_argla_l', 1, 1),
	(677, 'spinach_supr_l', 1, 1),
	(678, 'five_cheese_l', 1, 1),
	(679, 'classic_dlx_s', 1, 1),
	(680, 'veggie_veg_m', 1, 1),
	(681, 'bbq_ckn_l', 1, 1),
	(682, 'ckn_alfredo_m', 2, 1),
	(683, 'four_cheese_m', 1, 1),
	(684, 'spin_pesto_m', 1, 1),
	(685, 'spinach_fet_l', 1, 1),
	(686, 'classic_dlx_s', 1, 1),
	(687, 'ital_veggie_s', 1, 1),
	(688, 'bbq_ckn_m', 1, 1),
	(689, 'ital_supr_l', 1, 1),
	(690, 'thai_ckn_l', 1, 1),
	(691, 'cali_ckn_m', 1, 1),
	(692, 'green_garden_s', 1, 1),
	(693, 'ital_cpcllo_s', 1, 1),
	(694, 'thai_ckn_m', 1, 1),
	(695, 'southw_ckn_m', 1, 1),
	(696, 'cali_ckn_m', 1, 1),
	(697, 'cali_ckn_s', 1, 1),
	(698, 'ckn_alfredo_m', 1, 1),
	(699, 'classic_dlx_s', 1, 1),
	(700, 'classic_dlx_s', 1, 1),
	(701, 'spinach_fet_m', 1, 1),
	(702, 'big_meat_s', 1, 1),
	(703, 'ital_cpcllo_s', 1, 1),
	(704, 'ital_veggie_s', 1, 1),
	(705, 'spinach_supr_s', 1, 1),
	(706, 'napolitana_l', 1, 1),
	(707, 'peppr_salami_l', 1, 1),
	(708, 'big_meat_s', 1, 1),
	(709, 'ital_cpcllo_m', 1, 1),
	(710, 'pepperoni_s', 1, 1),
	(711, 'hawaiian_s', 1, 1),
	(712, 'mexicana_l', 1, 1),
	(713, 'pepperoni_l', 1, 1),
	(714, 'sicilian_s', 1, 1),
	(715, 'spicy_ital_m', 1, 1),
	(716, 'big_meat_s', 1, 1),
	(717, 'hawaiian_s', 1, 1),
	(718, 'napolitana_m', 1, 1),
	(719, 'classic_dlx_l', 1, 1),
	(720, 'thai_ckn_m', 1, 1),
	(721, 'hawaiian_l', 1, 1),
	(722, 'pep_msh_pep_l', 1, 1),
	(723, 'thai_ckn_s', 1, 1),
	(724, 'five_cheese_l', 1, 1),
	(725, 'peppr_salami_m', 1, 1),
	(726, 'hawaiian_s', 1, 1),
	(727, 'thai_ckn_s', 1, 1),
	(728, 'sicilian_l', 1, 1),
	(729, 'big_meat_s', 1, 1),
	(730, 'brie_carre_s', 1, 1),
	(731, 'ckn_alfredo_m', 1, 1),
	(732, 'sicilian_m', 1, 1),
	(733, 'classic_dlx_m', 1, 1),
	(734, 'calabrese_m', 1, 1),
	(735, 'five_cheese_l', 1, 1),
	(736, 'green_garden_m', 1, 1),
	(737, 'hawaiian_m', 1, 1),
	(738, 'veggie_veg_m', 1, 1),
	(739, 'classic_dlx_m', 1, 1),
	(740, 'hawaiian_s', 1, 1),
	(741, 'ital_supr_m', 1, 1),
	(742, 'cali_ckn_s', 1, 1),
	(743, 'classic_dlx_m', 1, 1),
	(744, 'four_cheese_l', 1, 1),
	(745, 'hawaiian_s', 1, 1),
	(746, 'pep_msh_pep_l', 1, 1),
	(747, 'prsc_argla_s', 1, 1),
	(748, 'spinach_fet_s', 1, 1),
	(749, 'ital_cpcllo_l', 1, 1),
	(750, 'mexicana_l', 1, 1),
	(751, 'soppressata_s', 1, 1),
	(752, 'spicy_ital_l', 1, 1),
	(753, 'ital_supr_m', 1, 1),
	(754, 'cali_ckn_m', 1, 1),
	(755, 'ckn_pesto_l', 1, 1),
	(756, 'ital_supr_l', 1, 1),
	(757, 'cali_ckn_l', 1, 1),
	(758, 'ckn_pesto_l', 1, 1),
	(759, 'classic_dlx_s', 1, 1),
	(760, 'thai_ckn_l', 1, 1),
	(761, 'classic_dlx_m', 1, 1),
	(762, 'five_cheese_l', 1, 1),
	(763, 'classic_dlx_s', 1, 1),
	(764, 'veggie_veg_s', 1, 1),
	(765, 'cali_ckn_m', 1, 1),
	(766, 'spinach_supr_l', 1, 1),
	(767, 'classic_dlx_m', 1, 1),
	(768, 'mediterraneo_l', 1, 1),
	(769, 'spicy_ital_l', 1, 1),
	(770, 'spinach_supr_m', 1, 1),
	(771, 'big_meat_s', 1, 1),
	(772, 'ckn_alfredo_m', 1, 1),
	(773, 'classic_dlx_m', 1, 1),
	(774, 'classic_dlx_s', 1, 1),
	(775, 'five_cheese_l', 1, 1),
	(776, 'four_cheese_l', 2, 1),
	(777, 'hawaiian_l', 1, 1),
	(778, 'pep_msh_pep_l', 1, 1),
	(779, 'peppr_salami_s', 1, 1),
	(780, 'sicilian_l', 1, 1),
	(781, 'spicy_ital_l', 1, 1),
	(782, 'spicy_ital_m', 1, 1),
	(783, 'spinach_fet_l', 1, 1),
	(784, 'the_greek_m', 1, 1),
	(785, 'prsc_argla_m', 1, 1),
	(786, 'sicilian_m', 1, 1),
	(787, 'southw_ckn_l', 1, 1),
	(788, 'thai_ckn_m', 1, 1),
	(789, 'ckn_alfredo_m', 1, 1),
	(790, 'calabrese_l', 1, 1),
	(791, 'pepperoni_m', 1, 1),
	(792, 'southw_ckn_m', 1, 1),
	(793, 'thai_ckn_l', 1, 1),
	(794, 'mediterraneo_l', 1, 1),
	(795, 'prsc_argla_l', 1, 1),
	(796, 'hawaiian_l', 1, 1),
	(797, 'pepperoni_l', 1, 1),
	(798, 'mexicana_l', 1, 1),
	(799, 'thai_ckn_l', 1, 1),
	(800, 'the_greek_xl', 1, 1),
	(801, 'spicy_ital_m', 1, 1),
	(802, 'peppr_salami_s', 1, 1),
	(803, 'bbq_ckn_m', 1, 1),
	(804, 'pepperoni_s', 1, 1),
	(805, 'sicilian_l', 1, 1),
	(806, 'southw_ckn_l', 1, 1),
	(807, 'five_cheese_l', 1, 1),
	(808, 'four_cheese_m', 1, 1),
	(809, 'ital_cpcllo_m', 1, 1),
	(810, 'peppr_salami_s', 1, 1),
	(811, 'spinach_fet_s', 1, 1),
	(812, 'green_garden_s', 1, 1),
	(813, 'hawaiian_s', 1, 1),
	(814, 'ital_cpcllo_l', 1, 1),
	(815, 'napolitana_s', 1, 1),
	(816, 'spinach_fet_l', 1, 1),
	(817, 'thai_ckn_l', 1, 1),
	(818, 'veggie_veg_m', 1, 1),
	(819, 'classic_dlx_m', 1, 1),
	(820, 'thai_ckn_l', 1, 1),
	(821, 'thai_ckn_s', 1, 1),
	(822, 'pepperoni_l', 1, 1),
	(823, 'classic_dlx_l', 1, 1),
	(824, 'pepperoni_m', 2, 1),
	(825, 'spicy_ital_s', 1, 1),
	(826, 'big_meat_s', 1, 1),
	(827, 'hawaiian_m', 1, 1),
	(828, 'big_meat_s', 1, 1),
	(829, 'ital_cpcllo_l', 1, 1),
	(830, 'bbq_ckn_l', 1, 1),
	(831, 'cali_ckn_l', 1, 1),
	(832, 'prsc_argla_s', 1, 1),
	(833, 'green_garden_s', 1, 1),
	(834, 'veggie_veg_l', 1, 1),
	(835, 'ckn_alfredo_m', 1, 1),
	(836, 'ital_supr_m', 1, 1),
	(837, 'ckn_alfredo_m', 1, 1),
	(838, 'cali_ckn_l', 1, 1),
	(839, 'southw_ckn_s', 1, 1),
	(840, 'spinach_fet_s', 1, 1),
	(841, 'ital_supr_m', 1, 1),
	(842, 'green_garden_m', 1, 1),
	(843, 'thai_ckn_l', 1, 1),
	(844, 'bbq_ckn_l', 1, 1),
	(845, 'green_garden_s', 1, 1),
	(846, 'hawaiian_s', 1, 1),
	(847, 'big_meat_s', 2, 1),
	(848, 'ital_cpcllo_s', 1, 1),
	(849, 'bbq_ckn_m', 1, 1),
	(850, 'mexicana_l', 1, 1),
	(851, 'mediterraneo_l', 1, 1),
	(852, 'mexicana_l', 1, 1),
	(853, 'ital_supr_m', 1, 1),
	(854, 'the_greek_xl', 1, 1),
	(855, 'four_cheese_m', 1, 1),
	(856, 'mediterraneo_l', 1, 1),
	(857, 'pepperoni_m', 1, 1),
	(858, 'ital_cpcllo_l', 1, 1),
	(859, 'hawaiian_l', 1, 1),
	(860, 'spinach_fet_m', 1, 1),
	(861, 'spin_pesto_m', 1, 1),
	(862, 'thai_ckn_l', 1, 1),
	(863, 'spinach_fet_m', 1, 1),
	(864, 'four_cheese_l', 1, 1),
	(865, 'hawaiian_s', 1, 1),
	(866, 'pepperoni_m', 1, 1),
	(867, 'spinach_fet_s', 1, 1),
	(868, 'ckn_pesto_s', 1, 1),
	(869, 'classic_dlx_m', 1, 1),
	(870, 'sicilian_l', 1, 1),
	(871, 'big_meat_s', 1, 1),
	(872, 'ckn_alfredo_m', 1, 1),
	(873, 'peppr_salami_s', 1, 1),
	(874, 'mexicana_m', 1, 1),
	(875, 'the_greek_xl', 1, 1),
	(876, 'veggie_veg_l', 1, 1),
	(877, 'hawaiian_m', 1, 1),
	(878, 'thai_ckn_l', 1, 1),
	(879, 'ital_veggie_s', 1, 1),
	(880, 'thai_ckn_l', 1, 1),
	(881, 'calabrese_m', 1, 1),
	(882, 'cali_ckn_m', 1, 1),
	(883, 'southw_ckn_m', 1, 1),
	(884, 'thai_ckn_s', 1, 1),
	(885, 'veggie_veg_m', 1, 1),
	(886, 'spicy_ital_m', 1, 1),
	(887, 'hawaiian_s', 1, 1),
	(888, 'ital_cpcllo_m', 1, 1),
	(889, 'mediterraneo_m', 1, 1),
	(890, 'the_greek_s', 1, 1),
	(891, 'veggie_veg_l', 1, 1),
	(892, 'ital_veggie_s', 1, 1),
	(893, 'soppressata_m', 1, 1),
	(894, 'thai_ckn_m', 1, 1),
	(895, 'bbq_ckn_s', 1, 1),
	(896, 'big_meat_s', 1, 1),
	(897, 'ckn_pesto_m', 1, 1),
	(898, 'five_cheese_l', 1, 1),
	(899, 'pepperoni_s', 1, 1),
	(900, 'spicy_ital_l', 1, 1),
	(901, 'spinach_fet_s', 1, 1),
	(902, 'bbq_ckn_s', 1, 1),
	(903, 'ckn_alfredo_m', 1, 1),
	(904, 'mediterraneo_m', 1, 1),
	(905, 'veggie_veg_s', 1, 1),
	(906, 'spin_pesto_l', 1, 1),
	(907, 'pep_msh_pep_l', 1, 1),
	(908, 'the_greek_m', 1, 1),
	(909, 'big_meat_s', 1, 1),
	(911, 'cali_ckn_l', 1, 0),
	(912, 'pepperoni_s', 2, 0),
	(913, 'prsc_argla_l', 1, 0),
	(914, 'sicilian_l', 1, 0),
	(915, 'soppressata_l', 1, 0),
	(916, 'spicy_ital_l', 1, 0),
	(917, 'green_garden_s', 1, 0),
	(918, 'hawaiian_l', 1, 0),
	(919, 'big_meat_s', 1, 0),
	(920, 'ckn_pesto_s', 1, 1),
	(921, 'hawaiian_l', 1, 1),
	(923, 'big_meat_s', 3, 1),
	(924, 'green_garden_s', 2, 0),
	(926, 'big_meat_m', 2, 1),
	(927, 'big_meat_m', 2, 1);

-- Dumping data for table project.pizza_order: ~96 rows (approximately)
DELETE FROM `pizza_order`;
INSERT INTO `pizza_order` (`pizza_id`, `pizza_type_id`, `size`, `price`) VALUES
	('bbq_ckn_l', 'bbq_ckn', 'L', 20.75),
	('bbq_ckn_m', 'bbq_ckn', 'M', 16.75),
	('bbq_ckn_s', 'bbq_ckn', 'S', 12.75),
	('big_meat_l', 'big_meat', 'L', 20.5),
	('big_meat_m', 'big_meat', 'M', 16),
	('big_meat_s', 'big_meat', 'S', 12),
	('brie_carre_s', 'brie_carre', 'S', 23.65),
	('calabrese_l', 'calabrese', 'L', 20.25),
	('calabrese_m', 'calabrese', 'M', 16.25),
	('calabrese_s', 'calabrese', 'S', 12.25),
	('cali_ckn_l', 'cali_ckn', 'L', 20.75),
	('cali_ckn_m', 'cali_ckn', 'M', 16.75),
	('cali_ckn_s', 'cali_ckn', 'S', 12.75),
	('ckn_alfredo_l', 'ckn_alfredo', 'L', 20.75),
	('ckn_alfredo_m', 'ckn_alfredo', 'M', 16.75),
	('ckn_alfredo_s', 'ckn_alfredo', 'S', 12.75),
	('ckn_pesto_l', 'ckn_pesto', 'L', 20.75),
	('ckn_pesto_m', 'ckn_pesto', 'M', 16.75),
	('ckn_pesto_s', 'ckn_pesto', 'S', 12.75),
	('classic_dlx_l', 'classic_dlx', 'L', 20.5),
	('classic_dlx_m', 'classic_dlx', 'M', 16),
	('classic_dlx_s', 'classic_dlx', 'S', 12),
	('five_cheese_l', 'five_cheese', 'L', 18.5),
	('five_cheese_m', 'five_cheese', 'M', 15.5),
	('five_cheese_s', 'five_cheese', 'S', 12.5),
	('four_cheese_l', 'four_cheese', 'L', 17.95),
	('four_cheese_m', 'four_cheese', 'M', 14.75),
	('four_cheese_s', 'four_cheese', 'S', 11.75),
	('green_garden_l', 'green_garden', 'L', 20.25),
	('green_garden_m', 'green_garden', 'M', 16),
	('green_garden_s', 'green_garden', 'S', 12),
	('hawaiian_l', 'hawaiian', 'L', 16.5),
	('hawaiian_m', 'hawaiian', 'M', 13.25),
	('hawaiian_s', 'hawaiian', 'S', 10.5),
	('ital_cpcllo_l', 'ital_cpcllo', 'L', 20.5),
	('ital_cpcllo_m', 'ital_cpcllo', 'M', 16),
	('ital_cpcllo_s', 'ital_cpcllo', 'S', 12),
	('ital_supr_l', 'ital_supr', 'L', 20.75),
	('ital_supr_m', 'ital_supr', 'M', 16.5),
	('ital_supr_s', 'ital_supr', 'S', 12.5),
	('ital_veggie_l', 'ital_veggie', 'L', 21),
	('ital_veggie_m', 'ital_veggie', 'M', 16.75),
	('ital_veggie_s', 'ital_veggie', 'S', 12.75),
	('mediterraneo_l', 'mediterraneo', 'L', 20.25),
	('mediterraneo_m', 'mediterraneo', 'M', 16),
	('mediterraneo_s', 'mediterraneo', 'S', 12),
	('mexicana_l', 'mexicana', 'L', 20.25),
	('mexicana_m', 'mexicana', 'M', 16),
	('mexicana_s', 'mexicana', 'S', 12),
	('napolitana_l', 'napolitana', 'L', 20.5),
	('napolitana_m', 'napolitana', 'M', 16),
	('napolitana_s', 'napolitana', 'S', 12),
	('pepperoni_l', 'pepperoni', 'L', 15.25),
	('pepperoni_m', 'pepperoni', 'M', 12.5),
	('pepperoni_s', 'pepperoni', 'S', 9.75),
	('peppr_salami_l', 'peppr_salami', 'L', 20.75),
	('peppr_salami_m', 'peppr_salami', 'M', 16.5),
	('peppr_salami_s', 'peppr_salami', 'S', 12.5),
	('pep_msh_pep_l', 'pep_msh_pep', 'L', 17.5),
	('pep_msh_pep_m', 'pep_msh_pep', 'M', 14.5),
	('pep_msh_pep_s', 'pep_msh_pep', 'S', 11),
	('prsc_argla_l', 'prsc_argla', 'L', 20.75),
	('prsc_argla_m', 'prsc_argla', 'M', 16.5),
	('prsc_argla_s', 'prsc_argla', 'S', 12.5),
	('sicilian_l', 'sicilian', 'L', 20.25),
	('sicilian_m', 'sicilian', 'M', 16.25),
	('sicilian_s', 'sicilian', 'S', 12.25),
	('soppressata_l', 'soppressata', 'L', 20.75),
	('soppressata_m', 'soppressata', 'M', 16.5),
	('soppressata_s', 'soppressata', 'S', 12.5),
	('southw_ckn_l', 'southw_ckn', 'L', 20.75),
	('southw_ckn_m', 'southw_ckn', 'M', 16.75),
	('southw_ckn_s', 'southw_ckn', 'S', 12.75),
	('spicy_ital_l', 'spicy_ital', 'L', 20.75),
	('spicy_ital_m', 'spicy_ital', 'M', 16.5),
	('spicy_ital_s', 'spicy_ital', 'S', 12.5),
	('spinach_fet_l', 'spinach_fet', 'L', 20.25),
	('spinach_fet_m', 'spinach_fet', 'M', 16),
	('spinach_fet_s', 'spinach_fet', 'S', 12),
	('spinach_supr_l', 'spinach_supr', 'L', 20.75),
	('spinach_supr_m', 'spinach_supr', 'M', 16.5),
	('spinach_supr_s', 'spinach_supr', 'S', 12.5),
	('spin_pesto_l', 'spin_pesto', 'L', 20.75),
	('spin_pesto_m', 'spin_pesto', 'M', 16.5),
	('spin_pesto_s', 'spin_pesto', 'S', 12.5),
	('thai_ckn_l', 'thai_ckn', 'L', 20.75),
	('thai_ckn_m', 'thai_ckn', 'M', 16.75),
	('thai_ckn_s', 'thai_ckn', 'S', 12.75),
	('the_greek_l', 'the_greek', 'L', 20.5),
	('the_greek_m', 'the_greek', 'M', 16),
	('the_greek_s', 'the_greek', 'S', 12),
	('the_greek_xl', 'the_greek', 'X', 25.5),
	('the_greek_xxl', 'the_greek', 'X', 35.95),
	('veggie_veg_l', 'veggie_veg', 'L', 20.25),
	('veggie_veg_m', 'veggie_veg', 'M', 16),
	('veggie_veg_s', 'veggie_veg', 'S', 12);

-- Dumping data for table project.pizza_type: ~32 rows (approximately)
DELETE FROM `pizza_type`;
INSERT INTO `pizza_type` (`pizza_type_id`, `name`, `category`, `ingredients`, `image_path`) VALUES
	('bbq_ckn', 'The Barbecue Chicken Pizza', 'Chicken', '"Barbecued Chicken, Red Peppers, Green Peppers, Tomatoes, Red Onions, Barbecue Sauce"', '/static/images/pizzas/bbq chicken.jpg\r'),
	('big_meat', 'The Big Meat Pizza', 'Classic', '"Bacon, Pepperoni, Italian Sausage, Chorizo Sausage"', '/static/images/pizzas/bmp.jpg\r'),
	('brie_carre', 'The Brie Carre Pizza', 'Supreme', '"Brie Carre Cheese, Prosciutto, Caramelized Onions, Pears, Thyme, Garlic"', '/static/images/pizzas/bcp.jpg\r'),
	('calabrese', 'The Calabrese Pizza', 'Supreme', '"Nduja Salami, Pancetta, Tomatoes, Red Onions, Friggitello Peppers, Garlic"', '/static/images/pizzas/cp.jpg\r'),
	('cali_ckn', 'The California Chicken Pizza', 'Chicken', '"Chicken, Artichoke, Spinach, Garlic, Jalapeno Peppers, Fontina Cheese, Gouda Cheese"', '/static/images/pizzas/califonia pizza.jpg\r'),
	('ckn_alfredo', 'The Chicken Alfredo Pizza', 'Chicken', '"Chicken, Red Onions, Red Peppers, Mushrooms, Asiago Cheese, Alfredo Sauce"', '/static/images/pizzas/The Chicken Alfredo Pizza.jpg\r'),
	('ckn_pesto', 'The Chicken Pesto Pizza', 'Chicken', '"Chicken, Tomatoes, Red Peppers, Spinach, Garlic, Pesto Sauce"', '/static/images/pizzas/chicken pesto pizza.jpg\r'),
	('classic_dlx', 'The Classic Deluxe Pizza', 'Classic', '"Pepperoni, Mushrooms, Red Onions, Red Peppers, Bacon"', '/static/images/pizzas/cdp.jpg\r'),
	('five_cheese', 'The Five Cheese Pizza', 'Veggie', '"Mozzarella Cheese, Provolone Cheese, Smoked Gouda Cheese, Romano Cheese, Blue Cheese, Garlic"', '/static/images/pizzas/5cp.jpg\r'),
	('four_cheese', 'The Four Cheese Pizza', 'Veggie', '"Ricotta Cheese, Gorgonzola Piccante Cheese, Mozzarella Cheese, Parmigiano Reggiano Cheese, Garlic"', '/static/images/pizzas/4cp.jpg\r'),
	('green_garden', 'The Green Garden Pizza', 'Veggie', '"Spinach, Mushrooms, Tomatoes, Green Olives, Feta Cheese"', '/static/images/pizzas/gcp.jpg\r'),
	('hawaiian', 'The Hawaiian Pizza', 'Classic', '"Sliced Ham, Pineapple, Mozzarella Cheese"', '/static/images/pizzas/hp.jpg\r'),
	('ital_cpcllo', 'The Italian Capocollo Pizza', 'Classic', '"Capocollo, Red Peppers, Tomatoes, Goat Cheese, Garlic, Oregano"', '/static/images/pizzas/icp.jpg\r'),
	('ital_supr', 'The Italian Supreme Pizza', 'Supreme', '"Calabrese Salami, Capocollo, Tomatoes, Red Onions, Green Olives, Garlic"', '/static/images/pizzas/isp.jpg\r'),
	('ital_veggie', 'The Italian Vegetables Pizza', 'Veggie', '"Eggplant, Artichokes, Tomatoes, Zucchini, Red Peppers, Garlic, Pesto Sauce"', '/static/images/pizzas/ivp.jpg\r'),
	('mediterraneo', 'The Mediterranean Pizza', 'Veggie', '"Spinach, Artichokes, Kalamata Olives, Sun-dried Tomatoes, Feta Cheese, Plum Tomatoes, Red Onions"', '/static/images/pizzas/mdp.jpg\r'),
	('mexicana', 'The Mexicana Pizza', 'Veggie', '"Tomatoes, Red Peppers, Jalapeno Peppers, Red Onions, Cilantro, Corn, Chipotle Sauce, Garlic"', '/static/images/pizzas/mp.jpg\r'),
	('napolitana', 'The Napolitana Pizza', 'Classic', '"Tomatoes, Anchovies, Green Olives, Red Onions, Garlic"', '/static/images/pizzas/np.jpg\r'),
	('pepperoni', 'The Pepperoni Pizza', 'Classic', '"Mozzarella Cheese, Pepperoni"', '/static/images/pizzas/pp.jpg\r'),
	('peppr_salami', 'The Pepper Salami Pizza', 'Supreme', '"Genoa Salami, Capocollo, Pepperoni, Tomatoes, Asiago Cheese, Garlic"', '/static/images/pizzas/psp.jpg\r'),
	('pep_msh_pep', 'The Pepperoni, Mushroom, and Peppers Pizza', 'Classic', '"Pepperoni, Mushrooms, Green Peppers"', '/static/images/pizzas/pmpp.jpg\r'),
	('prsc_argla', 'The Prosciutto and Arugula Pizza', 'Supreme', '"Prosciutto di San Daniele, Arugula, Mozzarella Cheese"', '/static/images/pizzas/pap.jpg\r'),
	('sicilian', 'The Sicilian Pizza', 'Supreme', '"Coarse Sicilian Salami, Tomatoes, Green Olives, Luganega Sausage, Onions, Garlic"', '/static/images/pizzas/sp.jpg\r'),
	('soppressata', 'The Soppressata Pizza', 'Supreme', '"Soppressata Salami, Fontina Cheese, Mozzarella Cheese, Mushrooms, Garlic"', '/static/images/pizzas/sop.jpg\r'),
	('southw_ckn', 'The Southwest Chicken Pizza', 'Chicken', '"Chicken, Tomatoes, Red Peppers, Red Onions, Jalapeno Peppers, Corn, Cilantro, Chipotle Sauce"', '/static/images/pizzas/swp.jpg\r'),
	('spicy_ital', 'The Spicy Italian Pizza', 'Supreme', '"Capocollo, Tomatoes, Goat Cheese, Artichokes, Peperoncini verdi, Garlic"', '/static/images/pizzas/sip.jpg\r'),
	('spinach_fet', 'The Spinach and Feta Pizza', 'Veggie', '"Spinach, Mushrooms, Red Onions, Feta Cheese, Garlic"', '/static/images/pizzas/sfp.jpg\r'),
	('spinach_supr', 'The Spinach Supreme Pizza', 'Supreme', '"Spinach, Red Onions, Pepperoni, Tomatoes, Artichokes, Kalamata Olives, Garlic, Asiago Cheese"', '/static/images/pizzas/ssp.jpg\r'),
	('spin_pesto', 'The Spinach Pesto Pizza', 'Veggie', '"Spinach, Artichokes, Tomatoes, Sun-dried Tomatoes, Garlic, Pesto Sauce"', '/static/images/pizzas/spp.jpg\r'),
	('thai_ckn', 'The Thai Chicken Pizza', 'Chicken', '"Chicken, Pineapple, Tomatoes, Red Peppers, Thai Sweet Chilli Sauce"', '/static/images/pizzas/tcp.jpg\r'),
	('the_greek', 'The Greek Pizza', 'Classic', '"Kalamata Olives, Feta Cheese, Tomatoes, Garlic, Beef Chuck Roast, Red Onions"', '/static/images/pizzas/gp.jpg\r'),
	('veggie_veg', 'The Vegetables + Vegetables Pizza', 'Veggie', '"Mushrooms, Tomatoes, Red Peppers, Green Peppers, Red Onions, Zucchini, Spinach, Garlic"', '/static/images/pizzas/v2p.jpg\r');

/*!40103 SET TIME_ZONE=IFNULL(@OLD_TIME_ZONE, 'system') */;
/*!40101 SET SQL_MODE=IFNULL(@OLD_SQL_MODE, '') */;
/*!40014 SET FOREIGN_KEY_CHECKS=IFNULL(@OLD_FOREIGN_KEY_CHECKS, 1) */;
/*!40101 SET CHARACTER_SET_CLIENT=@OLD_CHARACTER_SET_CLIENT */;
/*!40111 SET SQL_NOTES=IFNULL(@OLD_SQL_NOTES, 1) */;
